{
  "written_at": "2026-04-02T13:30:37.481077+00:00",
  "columns": {
    "entities_count": {
      "mean": 32.52023121387283,
      "stddev": 19.68046770909053
    },
    "processing_time_ms": {
      "mean": 994.4508670520231,
      "stddev": 913.1104992875328
    },
    "token_count_input": {
      "mean": 965.2832369942197,
      "stddev": 798.5824545732592
    },
    "token_count_output": {
      "mean": 129.4508670520231,
      "stddev": 89.59290463139567
    },
    "fact_entity_refs_count": {
      "mean": 1.5220588235294117,
      "stddev": 0.9425490400029367
    },
    "fact_confidence": {
      "mean": 0.818014705882353,
      "stddev": 0.08770168166757274
    },
    "fact_page_ref": {
      "mean": 23.330882352941178,
      "stddev": 20.634044197791837
    }
  }
}