{
  "written_at": "2026-04-01T15:21:32.545221+00:00",
  "columns": {
    "entities_count": {
      "mean": 50.92537313432836,
      "stddev": 45.068851765785624
    },
    "processing_time_ms": {
      "mean": 61470.49751243781,
      "stddev": 76363.12733440478
    },
    "token_count_input": {
      "mean": 451.3134328358209,
      "stddev": 420.2289855162144
    },
    "token_count_output": {
      "mean": 123.81592039800995,
      "stddev": 80.43988133383296
    },
    "fact_entity_refs_count": {
      "mean": 0.93048128342246,
      "stddev": 0.7542418265335848
    },
    "fact_confidence": {
      "mean": 0.8063636363636365,
      "stddev": 0.11398526015257286
    },
    "fact_page_ref": {
      "mean": 29.17379679144385,
      "stddev": 32.76890008669152
    }
  }
}