{
  "written_at": "2026-04-01T13:30:53.074916+00:00",
  "columns": {
    "confidence_score": {
      "mean": 0.5492940000000001,
      "stddev": 0.40966975022446994
    },
    "processing_time_s": {
      "mean": 27.084928,
      "stddev": 60.39388920786484
    }
  }
}